account_id,device_gap,growth_rate_mom,crosssell_readiness_score,it_product_boost,finance_product_boost,upgrade_potential,hybrid_crosssell_score,crosssell_recommendation
A-2e4581,2,-0.013,55.0,0.1,0.0,0.2,0.3400000000000001,Medium Priority
A-43a9e3,6,0.0584,74.5,0.2,0.2,0.2,0.6513333333333333,High Priority
A-0a282f,1,0.1246,73.0,0.1,0.3,0.2,0.6120000000000001,High Priority
A-1f0ac7,4,0.0964,70.0,0.1,0.2,0.2,0.5333333333333334,Medium Priority
A-ce550d,7,0.1113,77.5,0.2,0.3,0.0,0.71,High Priority
A-1b9609,2,0.0818,64.0,0.1,0.2,0.0,0.48933333333333334,Medium Priority
A-a0ca4e,1,0.0885,58.0,0.1,0.2,0.15,0.48033333333333333,Medium Priority
A-e5d6ab,1,0.1198,73.0,0.1,0.3,0.15,0.6070000000000001,High Priority
A-7dacce,1,-0.0001,49.0,0.1,0.0,0.0,0.29600000000000004,Low Priority
A-10b8da,3,0.0479,58.0,0.1,0.1,0.0,0.3986666666666666,Medium Priority
A-592832,4,-0.0058,49.0,0.1,0.0,0.2,0.31600000000000006,Medium Priority
A-d40bf7,24,0.1475,100.0,0.3,0.3,0.2,0.9199999999999999,High Priority
A-6c093d,1,0.1388,73.0,0.1,0.3,0.2,0.6120000000000001,High Priority
A-462d45,2,-0.0421,49.0,0.1,0.0,0.0,0.29600000000000004,Low Priority
A-956988,0,0.0911,59.5,0.0,0.2,0.0,0.37133333333333335,Medium Priority
A-ac14bb,10,0.135,100.0,0.2,0.3,0.0,0.8,High Priority
A-463db0,5,-0.0139,53.5,0.1,0.0,0.2,0.3340000000000001,Medium Priority
A-ce66f8,5,0.0636,68.5,0.1,0.2,0.15,0.5223333333333334,Medium Priority
A-c4ea60,2,0.1331,73.0,0.1,0.3,0.0,0.5920000000000001,Medium Priority
A-832ec2,2,-0.0432,49.0,0.1,0.0,0.0,0.29600000000000004,Low Priority
A-684255,3,0.0895,64.0,0.1,0.2,0.0,0.48933333333333334,Medium Priority
A-c42f1f,3,0.0095,52.0,0.1,0.1,0.15,0.3896666666666667,Medium Priority
A-4e44e8,1,0.1349,73.0,0.1,0.3,0.0,0.5920000000000001,Medium Priority
A-30b4ca,11,0.1442,94.0,0.3,0.3,0.2,0.8959999999999999,High Priority
A-9f2731,1,0.1389,67.0,0.1,0.3,0.0,0.5680000000000001,Medium Priority
A-32fb14,9,0.0448,68.5,0.2,0.1,0.0,0.5406666666666667,Medium Priority
A-00cac8,3,0.1224,79.0,0.1,0.3,0.0,0.6160000000000001,High Priority
A-35083d,8,0.1189,83.5,0.2,0.3,0.2,0.754,High Priority
A-eb7fac,4,0.0138,58.0,0.1,0.1,0.0,0.3986666666666666,Medium Priority
A-b20d99,2,0.1158,79.0,0.1,0.3,0.2,0.6360000000000001,High Priority
A-396e5f,1,-0.0426,49.0,0.1,0.0,0.0,0.29600000000000004,Low Priority
A-45ce7a,1,0.0693,64.0,0.1,0.2,0.0,0.48933333333333334,Medium Priority
A-08e34e,1,-0.004,49.0,0.1,0.0,0.2,0.31600000000000006,Medium Priority
A-8145a0,1,-0.0259,43.0,0.1,0.0,0.2,0.29200000000000004,Low Priority
A-bad8c1,2,-0.0346,55.0,0.1,0.0,0.2,0.3400000000000001,Medium Priority
A-44dc83,1,0.0893,58.0,0.1,0.2,0.2,0.48533333333333334,Medium Priority
A-f446b6,1,0.018,52.0,0.1,0.1,0.15,0.3896666666666667,Medium Priority
A-a45270,1,0.095,64.0,0.1,0.2,0.0,0.48933333333333334,Medium Priority
A-854864,7,-0.0369,59.5,0.2,0.0,0.0,0.438,Medium Priority
A-1b7577,2,0.0131,58.0,0.1,0.1,0.15,0.4136666666666666,Medium Priority
A-05f0e5,3,0.0579,64.0,0.1,0.2,0.2,0.5093333333333333,Medium Priority
A-9077b0,1,0.1081,73.0,0.1,0.3,0.2,0.6120000000000001,High Priority
A-7f8241,13,0.0138,85.0,0.3,0.1,0.15,0.7216666666666667,High Priority
A-2bc93d,4,0.0752,70.0,0.1,0.2,0.2,0.5333333333333334,Medium Priority
A-f3ff05,1,0.1272,73.0,0.1,0.3,0.0,0.5920000000000001,Medium Priority
A-2d4502,3,0.0732,64.0,0.1,0.2,0.2,0.5093333333333333,Medium Priority
A-6a4e2d,5,-0.0034,65.5,0.1,0.0,0.15,0.377,Medium Priority
A-eb7c38,1,-0.0451,49.0,0.1,0.0,0.0,0.29600000000000004,Low Priority
A-c37601,2,0.124,73.0,0.1,0.3,0.2,0.6120000000000001,High Priority
A-3b5cd1,2,-0.0457,49.0,0.1,0.0,0.2,0.31600000000000006,Medium Priority
A-b2225d,16,0.1249,100.0,0.3,0.3,0.2,0.9199999999999999,High Priority
A-94f8c9,2,0.0558,64.0,0.1,0.2,0.2,0.5093333333333333,Medium Priority
A-02fac6,8,0.1378,77.5,0.2,0.3,0.15,0.725,High Priority
A-c1dfe1,8,0.1098,83.5,0.2,0.3,0.15,0.749,High Priority
A-32728c,3,0.1496,79.0,0.1,0.3,0.15,0.6310000000000001,High Priority
A-4c38bc,15,0.0201,79.0,0.3,0.1,0.2,0.7026666666666668,High Priority
A-1b707d,0,0.1034,62.5,0.0,0.3,0.0,0.45,Medium Priority
A-6f8ad2,0,0.0304,47.5,0.0,0.1,0.2,0.2766666666666667,Low Priority
A-4d1e75,3,0.046,64.0,0.1,0.1,0.2,0.44266666666666665,Medium Priority
A-9ee962,2,0.0755,64.0,0.1,0.2,0.2,0.5093333333333333,Medium Priority
A-378b99,2,0.1247,67.0,0.1,0.3,0.15,0.5830000000000001,Medium Priority
A-94d3da,17,0.1468,88.0,0.3,0.3,0.2,0.8720000000000001,High Priority
A-e351e1,18,0.1037,94.0,0.3,0.3,0.0,0.8759999999999999,High Priority
A-9badbd,3,0.0336,58.0,0.1,0.1,0.0,0.3986666666666666,Medium Priority
A-7e0a10,16,0.0343,79.0,0.3,0.1,0.0,0.6826666666666668,High Priority
A-118d55,2,0.0975,64.0,0.1,0.2,0.2,0.5093333333333333,Medium Priority
A-526d93,14,-0.0022,70.0,0.3,0.0,0.2,0.6,Medium Priority
A-f92792,1,-0.0279,55.0,0.1,0.0,0.15,0.3350000000000001,Medium Priority
A-84ebe4,2,0.0209,58.0,0.1,0.1,0.15,0.4136666666666666,Medium Priority
A-5b4ebb,10,0.0074,79.0,0.2,0.1,0.2,0.6026666666666667,High Priority
A-2922b6,5,0.0093,74.5,0.1,0.1,0.2,0.4846666666666667,Medium Priority
A-9b9fe9,1,-0.0033,49.0,0.1,0.0,0.2,0.31600000000000006,Medium Priority
A-a8b49c,2,-0.0416,55.0,0.1,0.0,0.2,0.3400000000000001,Medium Priority
A-9174e0,10,-0.0464,76.0,0.2,0.0,0.2,0.524,Medium Priority
A-a1bbb6,1,0.1475,73.0,0.1,0.3,0.2,0.6120000000000001,High Priority
A-c45b23,1,0.0356,58.0,0.1,0.1,0.2,0.41866666666666663,Medium Priority
A-02cd81,23,0.0269,79.0,0.3,0.1,0.2,0.7026666666666668,High Priority
A-ee42db,1,0.0859,64.0,0.1,0.2,0.0,0.48933333333333334,Medium Priority
A-432483,2,-0.0063,55.0,0.1,0.0,0.15,0.3350000000000001,Medium Priority
A-9208f0,0,0.14,56.5,0.0,0.3,0.15,0.441,Medium Priority
A-98a59a,21,0.1073,94.0,0.3,0.3,0.0,0.8759999999999999,High Priority
A-fe79a5,1,-0.0321,49.0,0.1,0.0,0.2,0.31600000000000006,Medium Priority
A-726cfa,4,0.0335,58.0,0.1,0.1,0.15,0.4136666666666666,Medium Priority
A-c43359,13,0.1258,94.0,0.3,0.3,0.15,0.8909999999999999,High Priority
A-271f46,9,0.1389,89.5,0.2,0.3,0.15,0.773,High Priority
A-157070,7,0.0435,68.5,0.2,0.1,0.15,0.5556666666666668,Medium Priority
A-40a557,9,0.0727,68.5,0.2,0.2,0.15,0.6223333333333334,High Priority
A-66224b,47,-0.0166,64.0,0.3,0.0,0.15,0.5710000000000001,Medium Priority
A-91e948,23,0.1482,88.0,0.3,0.3,0.2,0.8720000000000001,High Priority
A-104f1a,12,-0.0037,70.0,0.3,0.0,0.15,0.595,Medium Priority
A-7988d1,14,0.1385,94.0,0.3,0.3,0.2,0.8959999999999999,High Priority
A-faa28c,12,0.0799,85.0,0.3,0.2,0.0,0.7733333333333334,High Priority
A-f25509,16,0.0715,79.0,0.3,0.2,0.0,0.7493333333333334,High Priority
A-3a7284,12,0.0525,85.0,0.3,0.2,0.0,0.7733333333333334,High Priority
A-3a5ad8,1,-0.0039,49.0,0.1,0.0,0.0,0.29600000000000004,Low Priority
A-65a46c,1,-0.0147,43.0,0.1,0.0,0.15,0.28700000000000003,Low Priority
A-8b25f2,2,-0.0059,55.0,0.1,0.0,0.15,0.3350000000000001,Medium Priority
A-fabe19,1,-0.0127,49.0,0.1,0.0,0.0,0.29600000000000004,Low Priority
A-adc1f3,1,0.1059,73.0,0.1,0.3,0.15,0.6070000000000001,High Priority
A-503d5a,2,0.02,52.0,0.1,0.1,0.0,0.3746666666666667,Medium Priority
A-fd7ad3,0,-0.0384,32.5,0.0,0.0,0.0,0.13,Low Priority
A-186a44,9,0.1438,77.5,0.2,0.3,0.0,0.71,High Priority
A-e888d1,6,0.1268,83.5,0.2,0.3,0.15,0.749,High Priority
A-69fad4,3,0.1356,73.0,0.1,0.3,0.2,0.6120000000000001,High Priority
A-9289f6,1,0.149,67.0,0.1,0.3,0.0,0.5680000000000001,Medium Priority
A-f19409,7,-0.0152,59.5,0.2,0.0,0.2,0.458,Medium Priority
A-22f2df,2,0.0292,58.0,0.1,0.1,0.2,0.41866666666666663,Medium Priority
A-039727,11,0.1016,88.0,0.3,0.3,0.15,0.8670000000000001,High Priority
A-2e3bad,17,0.0892,85.0,0.3,0.2,0.15,0.7883333333333334,High Priority
A-484819,4,-0.0192,49.0,0.1,0.0,0.15,0.31100000000000005,Medium Priority
A-425e76,4,0.1132,73.0,0.1,0.3,0.0,0.5920000000000001,Medium Priority
A-e83938,1,-0.0051,49.0,0.1,0.0,0.15,0.31100000000000005,Medium Priority
A-ad296b,11,-0.0052,70.0,0.3,0.0,0.15,0.595,Medium Priority
A-e51ec7,1,0.0574,64.0,0.1,0.2,0.0,0.48933333333333334,Medium Priority
A-0aaf6e,1,0.0686,64.0,0.1,0.2,0.0,0.48933333333333334,Medium Priority
A-e61e98,2,0.066,58.0,0.1,0.2,0.0,0.4653333333333333,Medium Priority
A-92a333,5,-0.0317,59.5,0.1,0.0,0.0,0.33799999999999997,Medium Priority
A-95b24a,14,0.1255,94.0,0.3,0.3,0.15,0.8909999999999999,High Priority
A-42e5e1,1,0.0031,58.0,0.1,0.1,0.15,0.4136666666666666,Medium Priority
A-7d514c,3,-0.0241,49.0,0.1,0.0,0.0,0.29600000000000004,Low Priority
A-65aeb5,5,0.1277,89.5,0.1,0.3,0.15,0.6730000000000002,High Priority
A-e2cd1b,8,0.1411,83.5,0.2,0.3,0.0,0.734,High Priority
A-180abf,22,0.1224,94.0,0.3,0.3,0.15,0.8909999999999999,High Priority
A-f17767,0,0.1119,62.5,0.0,0.3,0.0,0.45,Medium Priority
A-5a184f,0,0.081,53.5,0.0,0.2,0.0,0.3473333333333334,Medium Priority
A-7df7a7,3,0.0602,64.0,0.1,0.2,0.2,0.5093333333333333,Medium Priority
A-1ac5e0,12,-0.0326,64.0,0.3,0.0,0.2,0.5760000000000001,Medium Priority
A-52dd88,5,0.0317,74.5,0.1,0.1,0.15,0.4796666666666667,Medium Priority
A-bece89,12,0.0245,79.0,0.3,0.1,0.15,0.6976666666666668,High Priority
A-029f69,2,0.002,64.0,0.1,0.1,0.2,0.44266666666666665,Medium Priority
A-5c046d,18,0.0947,91.0,0.3,0.2,0.2,0.8173333333333335,High Priority
A-fb186e,3,0.0492,52.0,0.1,0.1,0.2,0.3946666666666667,Medium Priority
A-ae052e,10,-0.0338,70.0,0.2,0.0,0.2,0.5,Medium Priority
A-9f9299,8,-0.006,59.5,0.2,0.0,0.0,0.438,Medium Priority
A-96e141,8,0.0867,74.5,0.2,0.2,0.2,0.6513333333333333,High Priority
A-117171,14,-0.0348,64.0,0.3,0.0,0.2,0.5760000000000001,Medium Priority
A-313be3,14,0.1202,94.0,0.3,0.3,0.0,0.8759999999999999,High Priority
A-671f31,27,0.049,73.0,0.3,0.1,0.2,0.6786666666666666,High Priority
A-bbc346,8,0.0461,68.5,0.2,0.1,0.0,0.5406666666666667,Medium Priority
A-c16101,3,0.0685,64.0,0.1,0.2,0.2,0.5093333333333333,Medium Priority
A-50f3f7,20,0.1149,88.0,0.3,0.3,0.2,0.8720000000000001,High Priority
A-7da956,5,0.0196,68.5,0.1,0.1,0.15,0.45566666666666666,Medium Priority
A-019782,5,0.0856,80.5,0.1,0.2,0.0,0.5553333333333335,Medium Priority
A-df10db,1,0.0631,70.0,0.1,0.2,0.0,0.5133333333333334,Medium Priority
A-3932db,9,0.0034,62.5,0.2,0.1,0.15,0.5316666666666667,Medium Priority
A-4f18f0,3,0.1257,73.0,0.1,0.3,0.15,0.6070000000000001,High Priority
A-4c6f11,7,0.1095,83.5,0.2,0.3,0.15,0.749,High Priority
A-8ae05d,19,0.0817,91.0,0.3,0.2,0.0,0.7973333333333334,High Priority
A-b78bf8,5,0.1201,83.5,0.1,0.3,0.15,0.6490000000000001,High Priority
A-eafc6e,8,0.1235,89.5,0.2,0.3,0.15,0.773,High Priority
A-37f969,18,0.0917,85.0,0.3,0.2,0.0,0.7733333333333334,High Priority
A-10b8f2,12,0.1174,94.0,0.3,0.3,0.2,0.8959999999999999,High Priority
A-439b2f,0,0.0895,53.5,0.0,0.2,0.0,0.3473333333333334,Medium Priority
A-544d0a,1,0.086,70.0,0.1,0.2,0.2,0.5333333333333334,Medium Priority
A-ba6516,11,0.0737,79.0,0.3,0.2,0.15,0.7643333333333334,High Priority
A-712426,4,0.1005,67.0,0.1,0.3,0.0,0.5680000000000001,Medium Priority
A-038089,2,-0.0183,43.0,0.1,0.0,0.15,0.28700000000000003,Low Priority
A-afa505,29,0.1262,94.0,0.3,0.3,0.2,0.8959999999999999,High Priority
A-d5a319,3,0.1244,79.0,0.1,0.3,0.0,0.6160000000000001,High Priority
A-f97b9a,5,-0.0442,53.5,0.1,0.0,0.15,0.32900000000000007,Medium Priority
A-2f6a32,7,0.1152,89.5,0.2,0.3,0.2,0.778,High Priority
A-856b1e,2,-0.0242,49.0,0.1,0.0,0.2,0.31600000000000006,Medium Priority
A-17939a,1,0.017,52.0,0.1,0.1,0.2,0.3946666666666667,Medium Priority
A-d27f50,20,0.0987,85.0,0.3,0.2,0.0,0.7733333333333334,High Priority
A-e36807,3,-0.0178,55.0,0.1,0.0,0.15,0.3350000000000001,Medium Priority
A-ff79f2,4,0.1136,79.0,0.1,0.3,0.2,0.6360000000000001,High Priority
A-5b1bcd,30,0.1164,94.0,0.3,0.3,0.15,0.8909999999999999,High Priority
A-71615e,6,0.0515,80.5,0.2,0.2,0.2,0.6753333333333333,High Priority
A-794a0b,9,-0.0487,53.5,0.2,0.0,0.2,0.43400000000000005,Medium Priority
A-86902e,15,0.0074,73.0,0.3,0.1,0.0,0.6586666666666666,High Priority
A-0532a9,10,0.0734,79.0,0.2,0.2,0.15,0.6643333333333333,High Priority
A-9779ad,4,0.1462,73.0,0.1,0.3,0.15,0.6070000000000001,High Priority
A-f45426,5,0.0764,74.5,0.1,0.2,0.2,0.5513333333333335,Medium Priority
A-c1e51e,1,0.002,58.0,0.1,0.1,0.2,0.41866666666666663,Medium Priority
A-fa3095,26,0.0768,85.0,0.3,0.2,0.2,0.7933333333333334,High Priority
A-ad64c6,1,0.058,64.0,0.1,0.2,0.15,0.5043333333333333,Medium Priority
A-39b19f,1,0.106,67.0,0.1,0.3,0.0,0.5680000000000001,Medium Priority
A-56962b,55,-0.0286,70.0,0.3,0.0,0.0,0.58,Medium Priority
A-e60f9d,3,0.1022,79.0,0.1,0.3,0.2,0.6360000000000001,High Priority
A-88c6ca,1,0.0583,70.0,0.1,0.2,0.2,0.5333333333333334,Medium Priority
A-158f4e,9,0.1426,83.5,0.2,0.3,0.0,0.734,High Priority
A-5b051a,8,0.0184,74.5,0.2,0.1,0.0,0.5646666666666667,Medium Priority
A-296d7c,1,0.0765,64.0,0.1,0.2,0.0,0.48933333333333334,Medium Priority
A-1619f8,8,0.1364,83.5,0.2,0.3,0.15,0.749,High Priority
A-a1b80b,2,-0.0295,49.0,0.1,0.0,0.2,0.31600000000000006,Medium Priority
A-139c3b,3,0.1374,67.0,0.1,0.3,0.0,0.5680000000000001,Medium Priority
A-702032,9,0.0876,74.5,0.2,0.2,0.15,0.6463333333333333,High Priority
A-7a0d69,2,-0.0364,55.0,0.1,0.0,0.0,0.32000000000000006,Medium Priority
A-22d9d2,2,0.0102,52.0,0.1,0.1,0.15,0.3896666666666667,Medium Priority
A-b9eed8,5,0.0916,74.5,0.1,0.2,0.2,0.5513333333333335,Medium Priority
A-dfbd31,5,-0.0365,53.5,0.1,0.0,0.0,0.31400000000000006,Medium Priority
A-8e47ca,8,0.0664,74.5,0.2,0.2,0.15,0.6463333333333333,High Priority
A-4437e4,1,0.0192,52.0,0.1,0.1,0.0,0.3746666666666667,Medium Priority
A-779e4e,2,0.0742,64.0,0.1,0.2,0.2,0.5093333333333333,Medium Priority
A-53f4e3,6,-0.0409,59.5,0.2,0.0,0.0,0.438,Medium Priority
A-692f18,2,0.1243,79.0,0.1,0.3,0.2,0.6360000000000001,High Priority
A-13466a,1,0.1447,73.0,0.1,0.3,0.2,0.6120000000000001,High Priority
A-1986ca,6,0.1438,77.5,0.2,0.3,0.15,0.725,High Priority
A-0cc442,25,0.0999,85.0,0.3,0.2,0.2,0.7933333333333334,High Priority
A-c608c8,1,-0.024,55.0,0.1,0.0,0.15,0.3350000000000001,Medium Priority
A-3be56b,1,0.1017,73.0,0.1,0.3,0.15,0.6070000000000001,High Priority
A-354f12,0,-0.0451,44.5,0.0,0.0,0.15,0.193,Low Priority
A-68f37c,2,-0.0456,49.0,0.1,0.0,0.2,0.31600000000000006,Medium Priority
A-aa9511,13,0.0147,85.0,0.3,0.1,0.15,0.7216666666666667,High Priority
A-af0cd2,10,0.0477,79.0,0.2,0.1,0.0,0.5826666666666667,Medium Priority
A-bd4513,3,0.1041,73.0,0.1,0.3,0.0,0.5920000000000001,Medium Priority
A-c222ab,11,0.0867,85.0,0.3,0.2,0.15,0.7883333333333334,High Priority
A-34d880,1,0.0392,58.0,0.1,0.1,0.0,0.3986666666666666,Medium Priority
A-508199,7,0.0047,68.5,0.2,0.1,0.2,0.5606666666666668,Medium Priority
A-f03140,6,0.1494,77.5,0.2,0.3,0.15,0.725,High Priority
A-410e86,5,0.0352,68.5,0.1,0.1,0.2,0.46066666666666667,Medium Priority
A-fa2041,4,0.0403,64.0,0.1,0.1,0.15,0.43766666666666665,Medium Priority
A-de58ca,5,-0.0173,59.5,0.1,0.0,0.0,0.33799999999999997,Medium Priority
A-05d3b3,3,0.109,67.0,0.1,0.3,0.2,0.5880000000000001,Medium Priority
A-249769,2,0.0887,70.0,0.1,0.2,0.0,0.5133333333333334,Medium Priority
A-e43bf7,4,-0.0058,49.0,0.1,0.0,0.15,0.31100000000000005,Medium Priority
A-eb2fdc,4,-0.0335,49.0,0.1,0.0,0.0,0.29600000000000004,Low Priority
A-e1462e,2,0.0861,70.0,0.1,0.2,0.2,0.5333333333333334,Medium Priority
A-cab532,6,0.0809,80.5,0.2,0.2,0.15,0.6703333333333333,High Priority
A-9123ac,2,0.0047,52.0,0.1,0.1,0.15,0.3896666666666667,Medium Priority
A-6e08f3,1,0.1402,79.0,0.1,0.3,0.2,0.6360000000000001,High Priority
A-d922bf,3,-0.0198,43.0,0.1,0.0,0.2,0.29200000000000004,Low Priority
A-8ed5dd,2,0.0365,52.0,0.1,0.1,0.0,0.3746666666666667,Medium Priority
A-7c6b6b,1,0.1387,73.0,0.1,0.3,0.2,0.6120000000000001,High Priority
A-3c1a3f,1,0.0339,58.0,0.1,0.1,0.15,0.4136666666666666,Medium Priority
A-b48f73,10,0.0777,85.0,0.2,0.2,0.15,0.6883333333333334,High Priority
A-76fa4d,39,0.0295,79.0,0.3,0.1,0.15,0.6976666666666668,High Priority
A-b2af2e,1,0.0048,64.0,0.1,0.1,0.0,0.42266666666666663,Medium Priority
A-9bfc9f,28,0.1468,88.0,0.3,0.3,0.15,0.8670000000000001,High Priority
A-4ae22a,3,0.0319,58.0,0.1,0.1,0.15,0.4136666666666666,Medium Priority
A-fda07f,4,0.1288,73.0,0.1,0.3,0.2,0.6120000000000001,High Priority
A-de24d5,1,-0.004,43.0,0.1,0.0,0.0,0.272,Low Priority
A-977ca0,2,-0.0074,49.0,0.1,0.0,0.2,0.31600000000000006,Medium Priority
A-ab438f,4,-0.0438,55.0,0.1,0.0,0.0,0.32000000000000006,Medium Priority
A-e89151,3,0.0803,70.0,0.1,0.2,0.15,0.5283333333333334,Medium Priority
A-40906c,12,0.0237,79.0,0.3,0.1,0.2,0.7026666666666668,High Priority
A-81edc3,2,0.1229,73.0,0.1,0.3,0.2,0.6120000000000001,High Priority
A-328bd0,3,0.0446,58.0,0.1,0.1,0.0,0.3986666666666666,Medium Priority
A-b3fe05,3,0.1436,73.0,0.1,0.3,0.15,0.6070000000000001,High Priority
A-09540c,22,-0.0129,76.0,0.3,0.0,0.2,0.6240000000000001,High Priority
A-e693b6,21,0.1237,100.0,0.3,0.3,0.0,0.8999999999999999,High Priority
A-2446e3,13,0.1053,94.0,0.3,0.3,0.15,0.8909999999999999,High Priority
A-241e75,1,0.1042,73.0,0.1,0.3,0.0,0.5920000000000001,Medium Priority
A-922109,1,0.119,73.0,0.1,0.3,0.15,0.6070000000000001,High Priority
A-ff3c73,8,0.1022,89.5,0.2,0.3,0.15,0.773,High Priority
A-8b0451,5,0.0752,68.5,0.1,0.2,0.0,0.5073333333333334,Medium Priority
A-331424,4,-0.0238,55.0,0.1,0.0,0.2,0.3400000000000001,Medium Priority
A-51ec1b,3,-0.0435,49.0,0.1,0.0,0.0,0.29600000000000004,Low Priority
A-bcf664,1,0.1342,73.0,0.1,0.3,0.15,0.6070000000000001,High Priority
A-90a8c8,4,0.0733,64.0,0.1,0.2,0.15,0.5043333333333333,Medium Priority
A-86cdb4,1,0.1093,73.0,0.1,0.3,0.2,0.6120000000000001,High Priority
A-4bfa33,1,0.0463,58.0,0.1,0.1,0.2,0.41866666666666663,Medium Priority
A-dbc825,6,-0.0265,53.5,0.2,0.0,0.0,0.41400000000000003,Medium Priority
A-c70870,11,-0.025,70.0,0.3,0.0,0.2,0.6,Medium Priority
A-7c4956,2,0.0871,64.0,0.1,0.2,0.0,0.48933333333333334,Medium Priority
A-0651a4,3,0.0361,58.0,0.1,0.1,0.15,0.4136666666666666,Medium Priority
A-3ce5b8,3,-0.0099,43.0,0.1,0.0,0.2,0.29200000000000004,Low Priority
A-bd4708,12,0.0483,79.0,0.3,0.1,0.15,0.6976666666666668,High Priority
A-993085,4,-0.0372,49.0,0.1,0.0,0.2,0.31600000000000006,Medium Priority
A-92a3af,4,0.0664,64.0,0.1,0.2,0.0,0.48933333333333334,Medium Priority
A-151c9a,12,0.0038,85.0,0.3,0.1,0.0,0.7066666666666667,High Priority
A-474ad4,4,0.1095,73.0,0.1,0.3,0.2,0.6120000000000001,High Priority
A-4ef964,7,0.0121,68.5,0.2,0.1,0.15,0.5556666666666668,Medium Priority
A-fd9422,11,0.041,73.0,0.3,0.1,0.15,0.6736666666666666,High Priority
A-0baac2,9,-0.0477,47.5,0.2,0.0,0.0,0.39,Medium Priority
A-bb1486,12,-0.0355,70.0,0.3,0.0,0.2,0.6,Medium Priority
A-560d27,5,0.0285,68.5,0.1,0.1,0.15,0.45566666666666666,Medium Priority
A-0b0d6d,1,0.046,58.0,0.1,0.1,0.15,0.4136666666666666,Medium Priority
A-2789e3,4,0.07,64.0,0.1,0.2,0.0,0.48933333333333334,Medium Priority
A-b07346,7,0.0083,68.5,0.2,0.1,0.15,0.5556666666666668,Medium Priority
A-902ef7,46,0.089,91.0,0.3,0.2,0.0,0.7973333333333334,High Priority
A-20736a,8,0.122,83.5,0.2,0.3,0.0,0.734,High Priority
A-e4bf56,10,0.106,88.0,0.2,0.3,0.15,0.767,High Priority
A-cea1f0,4,-0.0421,49.0,0.1,0.0,0.15,0.31100000000000005,Medium Priority
A-ef84cf,2,0.0461,58.0,0.1,0.1,0.0,0.3986666666666666,Medium Priority
A-d49cc5,24,-0.029,70.0,0.3,0.0,0.2,0.6,Medium Priority
A-67be94,13,-0.0016,70.0,0.3,0.0,0.0,0.58,Medium Priority
A-4e960a,3,0.1473,67.0,0.1,0.3,0.0,0.5680000000000001,Medium Priority
A-c37cab,3,-0.0215,49.0,0.1,0.0,0.15,0.31100000000000005,Medium Priority
A-533452,3,0.0498,58.0,0.1,0.1,0.15,0.4136666666666666,Medium Priority
A-443b7c,1,0.0736,58.0,0.1,0.2,0.0,0.4653333333333333,Medium Priority
A-1f7acb,17,0.0905,79.0,0.3,0.2,0.2,0.7693333333333334,High Priority
A-f51f16,1,0.0619,64.0,0.1,0.2,0.0,0.48933333333333334,Medium Priority
A-5a3eb9,6,-0.048,59.5,0.2,0.0,0.0,0.438,Medium Priority
A-5f2961,2,0.0153,64.0,0.1,0.1,0.2,0.44266666666666665,Medium Priority
A-417d2f,1,0.0535,58.0,0.1,0.2,0.15,0.48033333333333333,Medium Priority
A-e98302,5,-0.0324,53.5,0.1,0.0,0.0,0.31400000000000006,Medium Priority
A-8bde0c,5,0.0201,68.5,0.1,0.1,0.2,0.46066666666666667,Medium Priority
A-bcf87c,3,-0.0434,55.0,0.1,0.0,0.15,0.3350000000000001,Medium Priority
A-54ecc2,1,-0.0343,49.0,0.1,0.0,0.0,0.29600000000000004,Low Priority
A-625d0b,4,0.0294,58.0,0.1,0.1,0.2,0.41866666666666663,Medium Priority
A-fce879,3,-0.0235,55.0,0.1,0.0,0.15,0.3350000000000001,Medium Priority
A-b07b56,9,0.0635,74.5,0.2,0.2,0.15,0.6463333333333333,High Priority
A-6da850,2,0.0879,64.0,0.1,0.2,0.15,0.5043333333333333,Medium Priority
A-342303,0,0.1101,62.5,0.0,0.3,0.15,0.465,Medium Priority
A-e7a1e2,1,-0.01,55.0,0.1,0.0,0.0,0.32000000000000006,Medium Priority
A-f1f639,1,-0.0165,43.0,0.1,0.0,0.2,0.29200000000000004,Low Priority
A-a865bd,10,-0.0291,76.0,0.2,0.0,0.15,0.519,Medium Priority
A-4e631b,5,0.0773,80.5,0.1,0.2,0.0,0.5553333333333335,Medium Priority
A-7f6b86,4,0.0913,58.0,0.1,0.2,0.2,0.48533333333333334,Medium Priority
A-8adedc,1,-0.0437,49.0,0.1,0.0,0.2,0.31600000000000006,Medium Priority
A-2edab2,8,0.1372,83.5,0.2,0.3,0.0,0.734,High Priority
A-149a69,9,-0.0396,53.5,0.2,0.0,0.2,0.43400000000000005,Medium Priority
A-a6d261,3,0.0583,64.0,0.1,0.2,0.15,0.5043333333333333,Medium Priority
A-443f6f,7,0.0918,74.5,0.2,0.2,0.2,0.6513333333333333,High Priority
A-202b67,3,0.1242,73.0,0.1,0.3,0.15,0.6070000000000001,High Priority
A-00bed1,3,0.0928,64.0,0.1,0.2,0.2,0.5093333333333333,Medium Priority
A-ffc04f,2,0.1103,67.0,0.1,0.3,0.15,0.5830000000000001,Medium Priority
A-65c341,4,0.0179,58.0,0.1,0.1,0.15,0.4136666666666666,Medium Priority
A-dcc2f0,7,0.113,89.5,0.2,0.3,0.2,0.778,High Priority
A-ced9aa,1,-0.034,43.0,0.1,0.0,0.0,0.272,Low Priority
A-3d957b,2,0.129,73.0,0.1,0.3,0.15,0.6070000000000001,High Priority
A-89ee83,0,0.0595,53.5,0.0,0.2,0.15,0.3623333333333334,Medium Priority
A-883b7d,2,0.1135,67.0,0.1,0.3,0.2,0.5880000000000001,Medium Priority
A-dcc3f1,3,0.0405,52.0,0.1,0.1,0.15,0.3896666666666667,Medium Priority
A-c62e55,1,0.0787,64.0,0.1,0.2,0.2,0.5093333333333333,Medium Priority
A-e4144b,11,0.0553,85.0,0.3,0.2,0.15,0.7883333333333334,High Priority
A-e40f45,7,0.0963,68.5,0.2,0.2,0.15,0.6223333333333334,High Priority
A-96215d,5,-0.0337,65.5,0.1,0.0,0.0,0.362,Medium Priority
A-2b9d3e,1,-0.0379,49.0,0.1,0.0,0.0,0.29600000000000004,Low Priority
A-b7724f,1,-0.0006,49.0,0.1,0.0,0.2,0.31600000000000006,Medium Priority
A-310452,5,-0.0181,59.5,0.1,0.0,0.0,0.33799999999999997,Medium Priority
A-eb1312,11,0.1244,100.0,0.3,0.3,0.15,0.9149999999999999,High Priority
A-df1e44,4,-0.0062,55.0,0.1,0.0,0.0,0.32000000000000006,Medium Priority
A-6a7c9d,9,0.1452,83.5,0.2,0.3,0.0,0.734,High Priority
A-cbd1a3,1,0.0174,58.0,0.1,0.1,0.2,0.41866666666666663,Medium Priority
A-a8d89d,5,-0.0136,65.5,0.1,0.0,0.15,0.377,Medium Priority
A-600734,12,0.1079,88.0,0.3,0.3,0.15,0.8670000000000001,High Priority
A-86fc1d,5,0.0817,74.5,0.1,0.2,0.2,0.5513333333333335,Medium Priority
A-78f02b,3,0.0496,58.0,0.1,0.1,0.0,0.3986666666666666,Medium Priority
A-acb7f7,14,0.0611,85.0,0.3,0.2,0.2,0.7933333333333334,High Priority
A-712f1c,6,0.0938,68.5,0.2,0.2,0.2,0.6273333333333334,High Priority
A-3793ee,20,-0.0043,70.0,0.3,0.0,0.0,0.58,Medium Priority
A-9a532a,5,0.1493,89.5,0.1,0.3,0.0,0.6580000000000001,High Priority
A-2ebb4b,11,0.145,100.0,0.3,0.3,0.2,0.9199999999999999,High Priority
A-6843f2,6,0.0801,80.5,0.2,0.2,0.0,0.6553333333333333,High Priority
A-c9bb3e,1,-0.0101,43.0,0.1,0.0,0.15,0.28700000000000003,Low Priority
A-4814a3,35,0.086,85.0,0.3,0.2,0.2,0.7933333333333334,High Priority
A-b7b7b7,7,-0.0356,59.5,0.2,0.0,0.2,0.458,Medium Priority
A-ccc747,4,-0.0439,49.0,0.1,0.0,0.15,0.31100000000000005,Medium Priority
A-bb3bd4,13,0.0015,73.0,0.3,0.1,0.2,0.6786666666666666,High Priority
A-09316c,16,0.0425,79.0,0.3,0.1,0.0,0.6826666666666668,High Priority
A-96bbc6,16,0.1237,94.0,0.3,0.3,0.0,0.8759999999999999,High Priority
A-bc4d48,3,0.0954,58.0,0.1,0.2,0.15,0.48033333333333333,Medium Priority
A-b30291,3,0.0985,70.0,0.1,0.2,0.2,0.5333333333333334,Medium Priority
A-cdf020,9,0.0351,68.5,0.2,0.1,0.15,0.5556666666666668,Medium Priority
A-e6afc1,1,0.0192,52.0,0.1,0.1,0.15,0.3896666666666667,Medium Priority
A-e3bd71,2,0.0242,58.0,0.1,0.1,0.2,0.41866666666666663,Medium Priority
A-b179bf,13,0.1475,88.0,0.3,0.3,0.2,0.8720000000000001,High Priority
A-098560,1,-0.042,55.0,0.1,0.0,0.0,0.32000000000000006,Medium Priority
A-82861f,22,0.1234,94.0,0.3,0.3,0.2,0.8959999999999999,High Priority
A-94c3cd,7,0.0657,74.5,0.2,0.2,0.0,0.6313333333333333,High Priority
A-a33200,14,0.0377,79.0,0.3,0.1,0.2,0.7026666666666668,High Priority
A-034368,2,0.0951,64.0,0.1,0.2,0.0,0.48933333333333334,Medium Priority
A-b54c01,11,0.0473,79.0,0.3,0.1,0.0,0.6826666666666668,High Priority
A-d82ef9,13,0.1247,94.0,0.3,0.3,0.2,0.8959999999999999,High Priority
A-bb2f49,4,0.1301,73.0,0.1,0.3,0.15,0.6070000000000001,High Priority
A-1f559b,2,0.0343,58.0,0.1,0.1,0.0,0.3986666666666666,Medium Priority
A-5a215a,28,0.0054,79.0,0.3,0.1,0.0,0.6826666666666668,High Priority
A-3f9cc0,12,0.0685,85.0,0.3,0.2,0.2,0.7933333333333334,High Priority
A-f9cc74,5,0.1325,77.5,0.1,0.3,0.0,0.6100000000000001,High Priority
A-ed510f,15,-0.0079,64.0,0.3,0.0,0.2,0.5760000000000001,Medium Priority
A-5c9849,6,0.0746,74.5,0.2,0.2,0.2,0.6513333333333333,High Priority
A-a7bd4b,2,0.0763,58.0,0.1,0.2,0.0,0.4653333333333333,Medium Priority
A-d4ac0e,8,0.0966,74.5,0.2,0.2,0.2,0.6513333333333333,High Priority
A-ffdfd5,1,-0.0237,43.0,0.1,0.0,0.2,0.29200000000000004,Low Priority
A-0dbdc6,17,0.0932,85.0,0.3,0.2,0.15,0.7883333333333334,High Priority
A-7cfe77,37,0.1318,88.0,0.3,0.3,0.15,0.8670000000000001,High Priority
A-1f0636,12,-0.0141,76.0,0.3,0.0,0.15,0.6190000000000001,High Priority
A-40de06,2,-0.0025,49.0,0.1,0.0,0.0,0.29600000000000004,Low Priority
A-cb5333,11,0.1443,94.0,0.3,0.3,0.15,0.8909999999999999,High Priority
A-309e54,5,-0.0138,59.5,0.1,0.0,0.15,0.353,Medium Priority
A-6e7827,0,0.1209,68.5,0.0,0.3,0.2,0.49400000000000005,Medium Priority
A-50bb9f,1,0.0485,52.0,0.1,0.1,0.15,0.3896666666666667,Medium Priority
A-5fe118,18,-0.0006,76.0,0.3,0.0,0.0,0.6040000000000001,High Priority
A-5247b3,7,0.1241,83.5,0.2,0.3,0.15,0.749,High Priority
A-f44180,2,0.0391,64.0,0.1,0.1,0.15,0.43766666666666665,Medium Priority
A-c16cf7,3,0.053,64.0,0.1,0.2,0.15,0.5043333333333333,Medium Priority
A-d42431,13,0.0218,79.0,0.3,0.1,0.0,0.6826666666666668,High Priority
A-6965e1,6,0.0686,74.5,0.2,0.2,0.2,0.6513333333333333,High Priority
A-0354fe,13,-0.0173,70.0,0.3,0.0,0.2,0.6,Medium Priority
A-0a62f5,4,0.0282,64.0,0.1,0.1,0.15,0.43766666666666665,Medium Priority
A-f5641b,18,0.1439,94.0,0.3,0.3,0.15,0.8909999999999999,High Priority
A-b44e3e,23,0.0016,79.0,0.3,0.1,0.2,0.7026666666666668,High Priority
A-3b37d9,4,0.0813,64.0,0.1,0.2,0.0,0.48933333333333334,Medium Priority
A-54d94a,14,0.015,79.0,0.3,0.1,0.2,0.7026666666666668,High Priority
A-7f29a7,9,0.1047,89.5,0.2,0.3,0.2,0.778,High Priority
A-089363,1,-0.0238,49.0,0.1,0.0,0.2,0.31600000000000006,Medium Priority
A-524364,2,0.144,73.0,0.1,0.3,0.0,0.5920000000000001,Medium Priority
A-855a48,7,0.0408,68.5,0.2,0.1,0.15,0.5556666666666668,Medium Priority
A-756192,5,-0.0028,59.5,0.1,0.0,0.2,0.358,Medium Priority
A-49b828,1,-0.0353,49.0,0.1,0.0,0.15,0.31100000000000005,Medium Priority
A-c7ffc2,4,-0.016,55.0,0.1,0.0,0.15,0.3350000000000001,Medium Priority
A-751c58,6,0.054,74.5,0.2,0.2,0.2,0.6513333333333333,High Priority
A-72799b,4,0.0174,64.0,0.1,0.1,0.0,0.42266666666666663,Medium Priority
A-812c5b,29,0.1158,94.0,0.3,0.3,0.2,0.8959999999999999,High Priority
A-69b156,3,0.0362,52.0,0.1,0.1,0.15,0.3896666666666667,Medium Priority
A-075038,2,-0.0003,55.0,0.1,0.0,0.2,0.3400000000000001,Medium Priority
A-940b8b,1,0.0734,64.0,0.1,0.2,0.2,0.5093333333333333,Medium Priority
A-2d1036,38,0.0914,85.0,0.3,0.2,0.15,0.7883333333333334,High Priority
A-0f6450,11,-0.0166,64.0,0.3,0.0,0.15,0.5710000000000001,Medium Priority
A-9affe6,4,-0.0165,49.0,0.1,0.0,0.15,0.31100000000000005,Medium Priority
A-80eeb6,11,-0.0427,70.0,0.3,0.0,0.0,0.58,Medium Priority
A-d4e0d4,34,0.0973,85.0,0.3,0.2,0.2,0.7933333333333334,High Priority
A-c7e58b,1,0.0828,64.0,0.1,0.2,0.15,0.5043333333333333,Medium Priority
A-016043,1,0.0449,58.0,0.1,0.1,0.2,0.41866666666666663,Medium Priority
A-bbe56f,3,0.1188,73.0,0.1,0.3,0.0,0.5920000000000001,Medium Priority
A-7c5768,1,0.1111,73.0,0.1,0.3,0.0,0.5920000000000001,Medium Priority
A-751bd4,5,0.0671,68.5,0.1,0.2,0.15,0.5223333333333334,Medium Priority
A-4e0e85,2,0.1237,79.0,0.1,0.3,0.0,0.6160000000000001,High Priority
A-ad3abd,11,-0.0088,70.0,0.3,0.0,0.15,0.595,Medium Priority
A-e19ff6,1,-0.0276,49.0,0.1,0.0,0.0,0.29600000000000004,Low Priority
A-7920cc,11,0.0039,73.0,0.3,0.1,0.15,0.6736666666666666,High Priority
A-5a92e7,2,-0.0386,43.0,0.1,0.0,0.15,0.28700000000000003,Low Priority
A-fdfc91,9,0.0562,74.5,0.2,0.2,0.2,0.6513333333333333,High Priority
A-1e50e0,7,0.1373,89.5,0.2,0.3,0.15,0.773,High Priority
A-1e1b80,19,-0.0421,64.0,0.3,0.0,0.0,0.556,Medium Priority
A-659280,1,-0.0256,49.0,0.1,0.0,0.0,0.29600000000000004,Low Priority
A-f6b2fb,5,0.0404,68.5,0.1,0.1,0.2,0.46066666666666667,Medium Priority
A-cb6cc6,7,0.1368,83.5,0.2,0.3,0.2,0.754,High Priority
A-d62e02,1,0.0132,64.0,0.1,0.1,0.15,0.43766666666666665,Medium Priority
A-d535f6,4,0.0514,58.0,0.1,0.2,0.2,0.48533333333333334,Medium Priority
A-39868b,1,-0.0417,43.0,0.1,0.0,0.15,0.28700000000000003,Low Priority
A-3cc791,1,-0.0203,43.0,0.1,0.0,0.0,0.272,Low Priority
A-337bc1,9,0.1473,83.5,0.2,0.3,0.15,0.749,High Priority
A-58b9ff,1,0.143,79.0,0.1,0.3,0.0,0.6160000000000001,High Priority
A-bf7919,2,-0.049,55.0,0.1,0.0,0.15,0.3350000000000001,Medium Priority
A-1d5444,8,0.1404,89.5,0.2,0.3,0.2,0.778,High Priority
A-0f3e88,2,0.0778,64.0,0.1,0.2,0.2,0.5093333333333333,Medium Priority
A-7641d3,3,0.1236,73.0,0.1,0.3,0.15,0.6070000000000001,High Priority
A-cd458b,4,0.0409,58.0,0.1,0.1,0.2,0.41866666666666663,Medium Priority
A-c16b88,4,0.0531,64.0,0.1,0.2,0.0,0.48933333333333334,Medium Priority
A-59f724,1,0.0478,58.0,0.1,0.1,0.0,0.3986666666666666,Medium Priority
A-87aa7b,6,0.0834,74.5,0.2,0.2,0.15,0.6463333333333333,High Priority
A-1e6fc3,0,-0.0221,38.5,0.0,0.0,0.15,0.16900000000000004,Low Priority
A-39ddf4,18,-0.044,70.0,0.3,0.0,0.0,0.58,Medium Priority
A-34ea2f,4,0.0116,52.0,0.1,0.1,0.0,0.3746666666666667,Medium Priority
A-716841,5,0.0909,74.5,0.1,0.2,0.15,0.5463333333333334,Medium Priority
A-558c72,7,-0.0096,59.5,0.2,0.0,0.2,0.458,Medium Priority
A-b11cd0,6,0.0847,74.5,0.2,0.2,0.15,0.6463333333333333,High Priority
A-cc1d8d,2,0.144,73.0,0.1,0.3,0.15,0.6070000000000001,High Priority
A-7f4db3,2,-0.0312,49.0,0.1,0.0,0.15,0.31100000000000005,Medium Priority
A-db5e9e,1,0.0845,70.0,0.1,0.2,0.2,0.5333333333333334,Medium Priority
A-cc102e,2,0.0388,58.0,0.1,0.1,0.0,0.3986666666666666,Medium Priority
A-82d8a6,3,0.1236,73.0,0.1,0.3,0.2,0.6120000000000001,High Priority
A-dec005,13,-0.0146,76.0,0.3,0.0,0.15,0.6190000000000001,High Priority
A-5790f4,1,0.0885,64.0,0.1,0.2,0.15,0.5043333333333333,Medium Priority
A-7c83a1,2,0.1176,73.0,0.1,0.3,0.15,0.6070000000000001,High Priority
A-297a2d,3,0.1389,79.0,0.1,0.3,0.15,0.6310000000000001,High Priority
A-4c56c9,2,0.0866,64.0,0.1,0.2,0.0,0.48933333333333334,Medium Priority
A-cbbe12,12,0.0494,73.0,0.3,0.1,0.0,0.6586666666666666,High Priority
A-4a267b,6,0.0736,74.5,0.2,0.2,0.15,0.6463333333333333,High Priority
A-bcbe98,21,0.1238,88.0,0.3,0.3,0.0,0.8520000000000001,High Priority
A-427b69,2,0.0641,70.0,0.1,0.2,0.2,0.5333333333333334,Medium Priority
A-0be015,6,-0.0439,53.5,0.2,0.0,0.15,0.42900000000000005,Medium Priority
A-054577,1,0.1362,79.0,0.1,0.3,0.2,0.6360000000000001,High Priority
A-bc87bc,1,0.0879,58.0,0.1,0.2,0.15,0.48033333333333333,Medium Priority
A-0f7d77,2,0.0853,64.0,0.1,0.2,0.15,0.5043333333333333,Medium Priority
A-e7beab,2,-0.0069,43.0,0.1,0.0,0.0,0.272,Low Priority
A-a09355,3,0.0818,64.0,0.1,0.2,0.2,0.5093333333333333,Medium Priority
A-31ab9a,1,0.0288,52.0,0.1,0.1,0.15,0.3896666666666667,Medium Priority
A-0158bb,2,0.0802,70.0,0.1,0.2,0.2,0.5333333333333334,Medium Priority
A-f19b24,14,-0.0287,70.0,0.3,0.0,0.15,0.595,Medium Priority
A-798a3f,5,0.0816,74.5,0.1,0.2,0.0,0.5313333333333334,Medium Priority
A-42b791,2,0.1499,73.0,0.1,0.3,0.15,0.6070000000000001,High Priority
A-068fc6,13,-0.0404,70.0,0.3,0.0,0.0,0.58,Medium Priority
A-6f50ae,4,0.1454,73.0,0.1,0.3,0.15,0.6070000000000001,High Priority
A-a2485e,2,0.0314,52.0,0.1,0.1,0.15,0.3896666666666667,Medium Priority
A-bb1eaa,5,0.1242,77.5,0.1,0.3,0.2,0.6300000000000001,High Priority
A-cc98bc,12,0.1065,94.0,0.3,0.3,0.2,0.8959999999999999,High Priority
A-d77f4c,1,0.0634,70.0,0.1,0.2,0.15,0.5283333333333334,Medium Priority
A-ccabf0,1,0.0977,64.0,0.1,0.2,0.15,0.5043333333333333,Medium Priority
A-700ade,0,0.1257,62.5,0.0,0.3,0.0,0.45,Medium Priority
A-4a4c2d,28,0.0308,79.0,0.3,0.1,0.0,0.6826666666666668,High Priority
A-b7ef83,1,0.0154,64.0,0.1,0.1,0.15,0.43766666666666665,Medium Priority
A-e08cd3,33,0.0835,79.0,0.3,0.2,0.15,0.7643333333333334,High Priority
A-19b2c8,5,0.1116,83.5,0.1,0.3,0.15,0.6490000000000001,High Priority
A-970c97,8,0.1025,89.5,0.2,0.3,0.0,0.758,High Priority
A-6dee43,1,0.1096,73.0,0.1,0.3,0.2,0.6120000000000001,High Priority
A-5ed98d,7,0.0371,68.5,0.2,0.1,0.2,0.5606666666666668,Medium Priority
A-c58f49,28,0.1136,94.0,0.3,0.3,0.0,0.8759999999999999,High Priority
A-9c18c4,2,-0.026,49.0,0.1,0.0,0.15,0.31100000000000005,Medium Priority
A-cc8c8f,11,0.0589,91.0,0.3,0.2,0.0,0.7973333333333334,High Priority
A-5f7781,12,-0.0488,76.0,0.3,0.0,0.15,0.6190000000000001,High Priority
A-e1b9cd,8,0.0149,74.5,0.2,0.1,0.15,0.5796666666666667,Medium Priority
A-ac85cd,19,0.0233,79.0,0.3,0.1,0.0,0.6826666666666668,High Priority
A-d792a6,1,0.0292,58.0,0.1,0.1,0.0,0.3986666666666666,Medium Priority
A-ac9111,7,0.0891,74.5,0.2,0.2,0.15,0.6463333333333333,High Priority
A-18793f,74,0.0277,79.0,0.3,0.1,0.2,0.7026666666666668,High Priority
A-9f0b68,2,0.0397,58.0,0.1,0.1,0.2,0.41866666666666663,Medium Priority
A-d3c88e,3,-0.0025,49.0,0.1,0.0,0.15,0.31100000000000005,Medium Priority
A-ccb686,3,0.0247,64.0,0.1,0.1,0.2,0.44266666666666665,Medium Priority
A-118f1c,13,-0.0045,76.0,0.3,0.0,0.15,0.6190000000000001,High Priority
A-0e966d,3,-0.0354,49.0,0.1,0.0,0.2,0.31600000000000006,Medium Priority
A-b9f5b1,6,0.0707,68.5,0.2,0.2,0.15,0.6223333333333334,High Priority
A-8ae3fc,5,0.0836,74.5,0.1,0.2,0.15,0.5463333333333334,Medium Priority
A-55f257,1,0.0739,58.0,0.1,0.2,0.2,0.48533333333333334,Medium Priority
A-d26ab4,4,0.0427,64.0,0.1,0.1,0.2,0.44266666666666665,Medium Priority
A-712533,2,0.026,58.0,0.1,0.1,0.15,0.4136666666666666,Medium Priority
A-781cc0,5,0.1227,83.5,0.1,0.3,0.15,0.6490000000000001,High Priority
